{
  "$schema": "http://json-schema.org/draft-04/schema#",
  "type": "array",
  "items": {
    "type": "object",
    "properties": {
      "id": {
        "type": "integer"
      },
      "employee_id": {
        "type": "string"
      },
      "first_name": {
        "type": "string"
      },
      "middle_name": {
        "type": "string"
      },
      "last_name": {
        "type": "string"
      }
    },
    "required": [
      "id",
      "employee_id",
      "first_name",
      "last_name"
    ]
  }
}