{
    "label": "Projects",
    "menu": "Time Management",
    "order": "1",
    "icon": "fa-project-diagram",
    "user_levels": [
        "Admin",
        "Manager",
        "Employee"
    ],
    "dashboardPosition": 105,
    "permissions": {
        "Manager": {
            "Add Projects": "Yes",
            "Edit Projects": "Yes",
            "Delete Projects": "Yes"
        },
        "Employee": {
            "Add Projects": "No",
            "Edit Projects": "No",
            "Delete Projects": "No"
        }
    },
    "model_namespace": "\\Projects\\Common\\Model",
    "manager": "\\Projects\\User\\Api\\ProjectsModulesManager"
}
