{
  "id": "1",
  "first_name": "Jhon",
  "last_name": "Doe",
  "nationality": "4",
  "birthday": null,
  "gender": "Male",
  "marital_status": null,
  "address1": null,
  "address2": null,
  "city": "New York",
  "country": "US",
  "province": null,
  "postal_code": null,
  "email": "icehrm+jhon@web-stalk.com",
  "home_phone": "+1 455565656",
  "mobile_phone": null,
  "cv_title": "Software Engineer",
  "cv": "cv_rYwHphV7xD5dOe1444302569136",
  "cvtext": null,
  "industry": null,
  "profileImage": null,
  "head_line": "",
  "objective": "",
  "work_history": "",
  "education": "",
  "skills": "",
  "referees": "",
  "linkedInUrl": null,
  "linkedInData": null,
  "totalYearsOfExperience": null,
  "totalMonthsOfExperience": null,
  "generatedCVFile": null,
  "created": "2015-10-08 16:59:20",
  "updated": "2015-10-08 16:59:20",
  "expectedSalary": "0",
  "preferedPositions": null,
  "preferedJobtype": null,
  "preferedCountries": null,
  "tags": null,
  "notes": null,
  "calls": null,
  "age": null,
  "hash": "663fd20d1859344585f678a0f87b23522b8f9fce8c67c5290a609ce342b81442",
  "linkedInProfileLink": null,
  "linkedInProfileId": null,
  "facebookProfileLink": null,
  "facebookProfileId": null,
  "twitterProfileLink": null,
  "twitterProfileId": null,
  "googleProfileLink": null,
  "googleProfileId": null
}